"respondent","round","profile","att_1","att_2","att_3","att_4","att_5","dv"
1,1,1,0,0,0,0,0,1
1,1,2,0,0,0,1,1,3
1,1,3,0,1,1,0,1,3
1,1,4,0,1,1,1,0,3
1,1,5,1,0,1,0,1,4
1,1,6,1,0,1,1,0,4
1,1,7,1,1,0,0,0,4
1,1,8,1,1,0,1,1,5
1,2,1,0,0,0,0,0,1
1,2,2,0,0,0,1,1,2
1,2,3,0,1,1,0,1,3
1,2,4,0,1,1,1,0,3
1,2,5,1,0,1,0,1,4
1,2,6,1,0,1,1,0,4
1,2,7,1,1,0,0,0,4
1,2,8,1,1,0,1,1,5
2,1,1,0,0,0,0,0,2
2,1,2,0,0,0,1,1,3
2,1,3,0,1,1,0,1,3
2,1,4,0,1,1,1,0,4
2,1,5,1,0,1,0,1,5
2,1,6,1,0,1,1,0,6
2,1,7,1,1,0,0,0,3
2,1,8,1,1,0,1,1,5
2,2,1,0,0,0,0,0,1
2,2,2,0,0,0,1,1,2
2,2,3,0,1,1,0,1,3
2,2,4,0,1,1,1,0,5
2,2,5,1,0,1,0,1,5
2,2,6,1,0,1,1,0,6
2,2,7,1,1,0,0,0,2
2,2,8,1,1,0,1,1,5
3,1,1,0,0,0,0,0,1
3,1,2,0,0,0,1,1,1
3,1,3,0,1,1,0,1,2
3,1,4,0,1,1,1,0,3
3,1,5,1,0,1,0,1,5
3,1,6,1,0,1,1,0,5
3,1,7,1,1,0,0,0,3
3,1,8,1,1,0,1,1,5
3,2,1,0,0,0,0,0,1
3,2,2,0,0,0,1,1,1
3,2,3,0,1,1,0,1,5
3,2,4,0,1,1,1,0,5
3,2,5,1,0,1,0,1,5
3,2,6,1,0,1,1,0,5
3,2,7,1,1,0,0,0,2
3,2,8,1,1,0,1,1,6
4,1,1,0,0,0,0,0,2
4,1,2,0,0,0,1,1,3
4,1,3,0,1,1,0,1,5
4,1,4,0,1,1,1,0,5
4,1,5,1,0,1,0,1,6
4,1,6,1,0,1,1,0,6
4,1,7,1,1,0,0,0,5
4,1,8,1,1,0,1,1,7
4,2,1,0,0,0,0,0,2
4,2,2,0,0,0,1,1,3
4,2,3,0,1,1,0,1,5
4,2,4,0,1,1,1,0,5
4,2,5,1,0,1,0,1,5
4,2,6,1,0,1,1,0,5
4,2,7,1,1,0,0,0,5
4,2,8,1,1,0,1,1,6
5,1,1,0,0,0,0,0,1
5,1,2,0,0,0,1,1,4
5,1,3,0,1,1,0,1,3
5,1,4,0,1,1,1,0,3
5,1,5,1,0,1,0,1,5
5,1,6,1,0,1,1,0,6
5,1,7,1,1,0,0,0,4
5,1,8,1,1,0,1,1,6
5,2,1,0,0,0,0,0,1
5,2,2,0,0,0,1,1,3
5,2,3,0,1,1,0,1,3
5,2,4,0,1,1,1,0,5
5,2,5,1,0,1,0,1,5
5,2,6,1,0,1,1,0,5
5,2,7,1,1,0,0,0,4
5,2,8,1,1,0,1,1,5
6,1,1,0,0,0,0,0,1
6,1,2,0,0,0,1,1,3
6,1,3,0,1,1,0,1,3
6,1,4,0,1,1,1,0,4
6,1,5,1,0,1,0,1,4
6,1,6,1,0,1,1,0,6
6,1,7,1,1,0,0,0,3
6,1,8,1,1,0,1,1,5
6,2,1,0,0,0,0,0,1
6,2,2,0,0,0,1,1,3
6,2,3,0,1,1,0,1,3
6,2,4,0,1,1,1,0,3
6,2,5,1,0,1,0,1,5
6,2,6,1,0,1,1,0,6
6,2,7,1,1,0,0,0,3
6,2,8,1,1,0,1,1,4
7,1,1,0,0,0,0,0,1
7,1,2,0,0,0,1,1,1
7,1,3,0,1,1,0,1,2
7,1,4,0,1,1,1,0,5
7,1,5,1,0,1,0,1,3
7,1,6,1,0,1,1,0,6
7,1,7,1,1,0,0,0,2
7,1,8,1,1,0,1,1,6
7,2,1,0,0,0,0,0,1
7,2,2,0,0,0,1,1,2
7,2,3,0,1,1,0,1,2
7,2,4,0,1,1,1,0,5
7,2,5,1,0,1,0,1,5
7,2,6,1,0,1,1,0,5
7,2,7,1,1,0,0,0,2
7,2,8,1,1,0,1,1,6
8,1,1,0,0,0,0,0,1
8,1,2,0,0,0,1,1,4
8,1,3,0,1,1,0,1,4
8,1,4,0,1,1,1,0,5
8,1,5,1,0,1,0,1,6
8,1,6,1,0,1,1,0,6
8,1,7,1,1,0,0,0,3
8,1,8,1,1,0,1,1,5
8,2,1,0,0,0,0,0,1
8,2,2,0,0,0,1,1,4
8,2,3,0,1,1,0,1,4
8,2,4,0,1,1,1,0,5
8,2,5,1,0,1,0,1,5
8,2,6,1,0,1,1,0,6
8,2,7,1,1,0,0,0,3
8,2,8,1,1,0,1,1,5
9,1,1,0,0,0,0,0,1
9,1,2,0,0,0,1,1,2
9,1,3,0,1,1,0,1,1
9,1,4,0,1,1,1,0,2
9,1,5,1,0,1,0,1,3
9,1,6,1,0,1,1,0,4
9,1,7,1,1,0,0,0,2
9,1,8,1,1,0,1,1,5
9,2,1,0,0,0,0,0,1
9,2,2,0,0,0,1,1,2
9,2,3,0,1,1,0,1,2
9,2,4,0,1,1,1,0,2
9,2,5,1,0,1,0,1,2
9,2,6,1,0,1,1,0,3
9,2,7,1,1,0,0,0,3
9,2,8,1,1,0,1,1,5
10,1,1,0,0,0,0,0,2
10,1,2,0,0,0,1,1,4
10,1,3,0,1,1,0,1,5
10,1,4,0,1,1,1,0,4
10,1,5,1,0,1,0,1,5
10,1,6,1,0,1,1,0,5
10,1,7,1,1,0,0,0,4
10,1,8,1,1,0,1,1,5
10,2,1,0,0,0,0,0,2
10,2,2,0,0,0,1,1,3
10,2,3,0,1,1,0,1,4
10,2,4,0,1,1,1,0,5
10,2,5,1,0,1,0,1,5
10,2,6,1,0,1,1,0,5
10,2,7,1,1,0,0,0,4
10,2,8,1,1,0,1,1,5
11,1,1,0,0,0,0,0,1
11,1,2,0,0,0,1,1,2
11,1,3,0,1,1,0,1,2
11,1,4,0,1,1,1,0,3
11,1,5,1,0,1,0,1,5
11,1,6,1,0,1,1,0,6
11,1,7,1,1,0,0,0,3
11,1,8,1,1,0,1,1,7
11,2,1,0,0,0,0,0,1
11,2,2,0,0,0,1,1,1
11,2,3,0,1,1,0,1,1
11,2,4,0,1,1,1,0,2
11,2,5,1,0,1,0,1,6
11,2,6,1,0,1,1,0,6
11,2,7,1,1,0,0,0,4
11,2,8,1,1,0,1,1,6
12,1,1,0,0,0,0,0,1
12,1,2,0,0,0,1,1,3
12,1,3,0,1,1,0,1,5
12,1,4,0,1,1,1,0,4
12,1,5,1,0,1,0,1,5
12,1,6,1,0,1,1,0,3
12,1,7,1,1,0,0,0,4
12,1,8,1,1,0,1,1,6
12,2,1,0,0,0,0,0,1
12,2,2,0,0,0,1,1,2
12,2,3,0,1,1,0,1,5
12,2,4,0,1,1,1,0,5
12,2,5,1,0,1,0,1,4
12,2,6,1,0,1,1,0,3
12,2,7,1,1,0,0,0,3
12,2,8,1,1,0,1,1,6
13,1,1,0,0,0,0,0,1
13,1,2,0,0,0,1,1,2
13,1,3,0,1,1,0,1,4
13,1,4,0,1,1,1,0,4
13,1,5,1,0,1,0,1,7
13,1,6,1,0,1,1,0,7
13,1,7,1,1,0,0,0,5
13,1,8,1,1,0,1,1,6
13,2,1,0,0,0,0,0,1
13,2,2,0,0,0,1,1,4
13,2,3,0,1,1,0,1,4
13,2,4,0,1,1,1,0,4
13,2,5,1,0,1,0,1,6
13,2,6,1,0,1,1,0,7
13,2,7,1,1,0,0,0,5
13,2,8,1,1,0,1,1,6
14,1,1,0,0,0,0,0,1
14,1,2,0,0,0,1,1,2
14,1,3,0,1,1,0,1,2
14,1,4,0,1,1,1,0,2
14,1,5,1,0,1,0,1,6
14,1,6,1,0,1,1,0,6
14,1,7,1,1,0,0,0,2
14,1,8,1,1,0,1,1,2
14,2,1,0,0,0,0,0,1
14,2,2,0,0,0,1,1,2
14,2,3,0,1,1,0,1,2
14,2,4,0,1,1,1,0,2
14,2,5,1,0,1,0,1,6
14,2,6,1,0,1,1,0,6
14,2,7,1,1,0,0,0,2
14,2,8,1,1,0,1,1,2
15,1,1,0,0,0,0,0,1
15,1,2,0,0,0,1,1,2
15,1,3,0,1,1,0,1,4
15,1,4,0,1,1,1,0,4
15,1,5,1,0,1,0,1,5
15,1,6,1,0,1,1,0,5
15,1,7,1,1,0,0,0,4
15,1,8,1,1,0,1,1,4
15,2,1,0,0,0,0,0,1
15,2,2,0,0,0,1,1,2
15,2,3,0,1,1,0,1,4
15,2,4,0,1,1,1,0,3
15,2,5,1,0,1,0,1,4
15,2,6,1,0,1,1,0,5
15,2,7,1,1,0,0,0,3
15,2,8,1,1,0,1,1,4
16,1,1,0,0,0,0,0,1
16,1,2,0,0,0,1,1,1
16,1,3,0,1,1,0,1,1
16,1,4,0,1,1,1,0,2
16,1,5,1,0,1,0,1,6
16,1,6,1,0,1,1,0,6
16,1,7,1,1,0,0,0,6
16,1,8,1,1,0,1,1,6
16,2,1,0,0,0,0,0,1
16,2,2,0,0,0,1,1,1
16,2,3,0,1,1,0,1,1
16,2,4,0,1,1,1,0,2
16,2,5,1,0,1,0,1,6
16,2,6,1,0,1,1,0,6
16,2,7,1,1,0,0,0,5
16,2,8,1,1,0,1,1,6
17,1,1,0,0,0,0,0,2
17,1,2,0,0,0,1,1,4
17,1,3,0,1,1,0,1,4
17,1,4,0,1,1,1,0,3
17,1,5,1,0,1,0,1,4
17,1,6,1,0,1,1,0,5
17,1,7,1,1,0,0,0,4
17,1,8,1,1,0,1,1,5
17,2,1,0,0,0,0,0,2
17,2,2,0,0,0,1,1,2
17,2,3,0,1,1,0,1,4
17,2,4,0,1,1,1,0,4
17,2,5,1,0,1,0,1,4
17,2,6,1,0,1,1,0,5
17,2,7,1,1,0,0,0,3
17,2,8,1,1,0,1,1,5
18,1,1,0,0,0,0,0,1
18,1,2,0,0,0,1,1,1
18,1,3,0,1,1,0,1,4
18,1,4,0,1,1,1,0,4
18,1,5,1,0,1,0,1,4
18,1,6,1,0,1,1,0,5
18,1,7,1,1,0,0,0,3
18,1,8,1,1,0,1,1,5
18,2,1,0,0,0,0,0,1
18,2,2,0,0,0,1,1,2
18,2,3,0,1,1,0,1,4
18,2,4,0,1,1,1,0,5
18,2,5,1,0,1,0,1,5
18,2,6,1,0,1,1,0,5
18,2,7,1,1,0,0,0,3
18,2,8,1,1,0,1,1,4
19,1,1,0,0,0,0,0,1
19,1,2,0,0,0,1,1,2
19,1,3,0,1,1,0,1,3
19,1,4,0,1,1,1,0,3
19,1,5,1,0,1,0,1,5
19,1,6,1,0,1,1,0,5
19,1,7,1,1,0,0,0,4
19,1,8,1,1,0,1,1,6
19,2,1,0,0,0,0,0,1
19,2,2,0,0,0,1,1,3
19,2,3,0,1,1,0,1,2
19,2,4,0,1,1,1,0,4
19,2,5,1,0,1,0,1,3
19,2,6,1,0,1,1,0,5
19,2,7,1,1,0,0,0,5
19,2,8,1,1,0,1,1,6
20,1,1,0,0,0,0,0,1
20,1,2,0,0,0,1,1,2
20,1,3,0,1,1,0,1,3
20,1,4,0,1,1,1,0,3
20,1,5,1,0,1,0,1,5
20,1,6,1,0,1,1,0,6
20,1,7,1,1,0,0,0,5
20,1,8,1,1,0,1,1,7
20,2,1,0,0,0,0,0,1
20,2,2,0,0,0,1,1,2
20,2,3,0,1,1,0,1,3
20,2,4,0,1,1,1,0,3
20,2,5,1,0,1,0,1,5
20,2,6,1,0,1,1,0,5
20,2,7,1,1,0,0,0,5
20,2,8,1,1,0,1,1,7
21,1,1,0,0,0,0,0,1
21,1,2,0,0,0,1,1,3
21,1,3,0,1,1,0,1,3
21,1,4,0,1,1,1,0,3
21,1,5,1,0,1,0,1,5
21,1,6,1,0,1,1,0,6
21,1,7,1,1,0,0,0,5
21,1,8,1,1,0,1,1,6
21,2,1,0,0,0,0,0,1
21,2,2,0,0,0,1,1,2
21,2,3,0,1,1,0,1,2
21,2,4,0,1,1,1,0,2
21,2,5,1,0,1,0,1,6
21,2,6,1,0,1,1,0,6
21,2,7,1,1,0,0,0,5
21,2,8,1,1,0,1,1,7
22,1,1,0,0,0,0,0,2
22,1,2,0,0,0,1,1,3
22,1,3,0,1,1,0,1,5
22,1,4,0,1,1,1,0,6
22,1,5,1,0,1,0,1,6
22,1,6,1,0,1,1,0,6
22,1,7,1,1,0,0,0,3
22,1,8,1,1,0,1,1,5
22,2,1,0,0,0,0,0,1
22,2,2,0,0,0,1,1,3
22,2,3,0,1,1,0,1,5
22,2,4,0,1,1,1,0,4
22,2,5,1,0,1,0,1,6
22,2,6,1,0,1,1,0,6
22,2,7,1,1,0,0,0,3
22,2,8,1,1,0,1,1,6
23,1,1,0,0,0,0,0,3
23,1,2,0,0,0,1,1,3
23,1,3,0,1,1,0,1,3
23,1,4,0,1,1,1,0,3
23,1,5,1,0,1,0,1,5
23,1,6,1,0,1,1,0,5
23,1,7,1,1,0,0,0,5
23,1,8,1,1,0,1,1,6
23,2,1,0,0,0,0,0,2
23,2,2,0,0,0,1,1,3
23,2,3,0,1,1,0,1,4
23,2,4,0,1,1,1,0,3
23,2,5,1,0,1,0,1,5
23,2,6,1,0,1,1,0,6
23,2,7,1,1,0,0,0,6
23,2,8,1,1,0,1,1,6
24,1,1,0,0,0,0,0,1
24,1,2,0,0,0,1,1,3
24,1,3,0,1,1,0,1,3
24,1,4,0,1,1,1,0,3
24,1,5,1,0,1,0,1,5
24,1,6,1,0,1,1,0,6
24,1,7,1,1,0,0,0,5
24,1,8,1,1,0,1,1,5
24,2,1,0,0,0,0,0,1
24,2,2,0,0,0,1,1,1
24,2,3,0,1,1,0,1,3
24,2,4,0,1,1,1,0,3
24,2,5,1,0,1,0,1,6
24,2,6,1,0,1,1,0,6
24,2,7,1,1,0,0,0,5
24,2,8,1,1,0,1,1,6
25,1,1,0,0,0,0,0,1
25,1,2,0,0,0,1,1,5
25,1,3,0,1,1,0,1,3
25,1,4,0,1,1,1,0,5
25,1,5,1,0,1,0,1,3
25,1,6,1,0,1,1,0,6
25,1,7,1,1,0,0,0,2
25,1,8,1,1,0,1,1,7
25,2,1,0,0,0,0,0,1
25,2,2,0,0,0,1,1,4
25,2,3,0,1,1,0,1,3
25,2,4,0,1,1,1,0,5
25,2,5,1,0,1,0,1,3
25,2,6,1,0,1,1,0,6
25,2,7,1,1,0,0,0,2
25,2,8,1,1,0,1,1,7
26,1,1,0,0,0,0,0,1
26,1,2,0,0,0,1,1,2
26,1,3,0,1,1,0,1,4
26,1,4,0,1,1,1,0,3
26,1,5,1,0,1,0,1,5
26,1,6,1,0,1,1,0,5
26,1,7,1,1,0,0,0,4
26,1,8,1,1,0,1,1,6
26,2,1,0,0,0,0,0,1
26,2,2,0,0,0,1,1,2
26,2,3,0,1,1,0,1,4
26,2,4,0,1,1,1,0,4
26,2,5,1,0,1,0,1,5
26,2,6,1,0,1,1,0,5
26,2,7,1,1,0,0,0,4
26,2,8,1,1,0,1,1,6
27,1,1,0,0,0,0,0,1
27,1,2,0,0,0,1,1,1
27,1,3,0,1,1,0,1,2
27,1,4,0,1,1,1,0,3
27,1,5,1,0,1,0,1,3
27,1,6,1,0,1,1,0,5
27,1,7,1,1,0,0,0,5
27,1,8,1,1,0,1,1,5
27,2,1,0,0,0,0,0,1
27,2,2,0,0,0,1,1,2
27,2,3,0,1,1,0,1,3
27,2,4,0,1,1,1,0,3
27,2,5,1,0,1,0,1,5
27,2,6,1,0,1,1,0,5
27,2,7,1,1,0,0,0,5
27,2,8,1,1,0,1,1,6
28,1,1,0,0,0,0,0,2
28,1,2,0,0,0,1,1,3
28,1,3,0,1,1,0,1,3
28,1,4,0,1,1,1,0,2
28,1,5,1,0,1,0,1,3
28,1,6,1,0,1,1,0,5
28,1,7,1,1,0,0,0,3
28,1,8,1,1,0,1,1,4
28,2,1,0,0,0,0,0,1
28,2,2,0,0,0,1,1,2
28,2,3,0,1,1,0,1,2
28,2,4,0,1,1,1,0,3
28,2,5,1,0,1,0,1,4
28,2,6,1,0,1,1,0,4
28,2,7,1,1,0,0,0,5
28,2,8,1,1,0,1,1,6
29,1,1,0,0,0,0,0,1
29,1,2,0,0,0,1,1,4
29,1,3,0,1,1,0,1,6
29,1,4,0,1,1,1,0,5
29,1,5,1,0,1,0,1,5
29,1,6,1,0,1,1,0,4
29,1,7,1,1,0,0,0,3
29,1,8,1,1,0,1,1,6
29,2,1,0,0,0,0,0,1
29,2,2,0,0,0,1,1,3
29,2,3,0,1,1,0,1,5
29,2,4,0,1,1,1,0,4
29,2,5,1,0,1,0,1,5
29,2,6,1,0,1,1,0,4
29,2,7,1,1,0,0,0,5
29,2,8,1,1,0,1,1,6
30,1,1,0,0,0,0,0,1
30,1,2,0,0,0,1,1,2
30,1,3,0,1,1,0,1,3
30,1,4,0,1,1,1,0,5
30,1,5,1,0,1,0,1,4
30,1,6,1,0,1,1,0,6
30,1,7,1,1,0,0,0,5
30,1,8,1,1,0,1,1,6
30,2,1,0,0,0,0,0,1
30,2,2,0,0,0,1,1,2
30,2,3,0,1,1,0,1,4
30,2,4,0,1,1,1,0,5
30,2,5,1,0,1,0,1,6
30,2,6,1,0,1,1,0,6
30,2,7,1,1,0,0,0,5
30,2,8,1,1,0,1,1,6
31,1,1,0,0,0,0,0,3
31,1,2,0,0,0,1,1,4
31,1,3,0,1,1,0,1,4
31,1,4,0,1,1,1,0,4
31,1,5,1,0,1,0,1,5
31,1,6,1,0,1,1,0,5
31,1,7,1,1,0,0,0,4
31,1,8,1,1,0,1,1,5
31,2,1,0,0,0,0,0,3
31,2,2,0,0,0,1,1,4
31,2,3,0,1,1,0,1,3
31,2,4,0,1,1,1,0,4
31,2,5,1,0,1,0,1,5
31,2,6,1,0,1,1,0,5
31,2,7,1,1,0,0,0,4
31,2,8,1,1,0,1,1,5
32,1,1,0,0,0,0,0,1
32,1,2,0,0,0,1,1,2
32,1,3,0,1,1,0,1,3
32,1,4,0,1,1,1,0,5
32,1,5,1,0,1,0,1,5
32,1,6,1,0,1,1,0,5
32,1,7,1,1,0,0,0,4
32,1,8,1,1,0,1,1,6
32,2,1,0,0,0,0,0,1
32,2,2,0,0,0,1,1,2
32,2,3,0,1,1,0,1,4
32,2,4,0,1,1,1,0,5
32,2,5,1,0,1,0,1,5
32,2,6,1,0,1,1,0,6
32,2,7,1,1,0,0,0,4
32,2,8,1,1,0,1,1,6
33,1,1,0,0,0,0,0,1
33,1,2,0,0,0,1,1,4
33,1,3,0,1,1,0,1,4
33,1,4,0,1,1,1,0,4
33,1,5,1,0,1,0,1,5
33,1,6,1,0,1,1,0,5
33,1,7,1,1,0,0,0,3
33,1,8,1,1,0,1,1,5
33,2,1,0,0,0,0,0,1
33,2,2,0,0,0,1,1,3
33,2,3,0,1,1,0,1,4
33,2,4,0,1,1,1,0,4
33,2,5,1,0,1,0,1,5
33,2,6,1,0,1,1,0,5
33,2,7,1,1,0,0,0,3
33,2,8,1,1,0,1,1,5
34,1,1,0,0,0,0,0,1
34,1,2,0,0,0,1,1,2
34,1,3,0,1,1,0,1,3
34,1,4,0,1,1,1,0,4
34,1,5,1,0,1,0,1,5
34,1,6,1,0,1,1,0,6
34,1,7,1,1,0,0,0,5
34,1,8,1,1,0,1,1,7
34,2,1,0,0,0,0,0,1
34,2,2,0,0,0,1,1,3
34,2,3,0,1,1,0,1,4
34,2,4,0,1,1,1,0,5
34,2,5,1,0,1,0,1,5
34,2,6,1,0,1,1,0,6
34,2,7,1,1,0,0,0,5
34,2,8,1,1,0,1,1,7
35,1,1,0,0,0,0,0,1
35,1,2,0,0,0,1,1,2
35,1,3,0,1,1,0,1,3
35,1,4,0,1,1,1,0,5
35,1,5,1,0,1,0,1,3
35,1,6,1,0,1,1,0,6
35,1,7,1,1,0,0,0,7
35,1,8,1,1,0,1,1,5
35,2,1,0,0,0,0,0,1
35,2,2,0,0,0,1,1,3
35,2,3,0,1,1,0,1,5
35,2,4,0,1,1,1,0,7
35,2,5,1,0,1,0,1,4
35,2,6,1,0,1,1,0,5
35,2,7,1,1,0,0,0,6
35,2,8,1,1,0,1,1,5
36,1,1,0,0,0,0,0,1
36,1,2,0,0,0,1,1,3
36,1,3,0,1,1,0,1,2
36,1,4,0,1,1,1,0,5
36,1,5,1,0,1,0,1,2
36,1,6,1,0,1,1,0,7
36,1,7,1,1,0,0,0,3
36,1,8,1,1,0,1,1,7
36,2,1,0,0,0,0,0,1
36,2,2,0,0,0,1,1,3
36,2,3,0,1,1,0,1,2
36,2,4,0,1,1,1,0,5
36,2,5,1,0,1,0,1,3
36,2,6,1,0,1,1,0,6
36,2,7,1,1,0,0,0,3
36,2,8,1,1,0,1,1,6
37,1,1,0,0,0,0,0,1
37,1,2,0,0,0,1,1,1
37,1,3,0,1,1,0,1,3
37,1,4,0,1,1,1,0,3
37,1,5,1,0,1,0,1,6
37,1,6,1,0,1,1,0,6
37,1,7,1,1,0,0,0,6
37,1,8,1,1,0,1,1,6
37,2,1,0,0,0,0,0,1
37,2,2,0,0,0,1,1,2
37,2,3,0,1,1,0,1,2
37,2,4,0,1,1,1,0,3
37,2,5,1,0,1,0,1,6
37,2,6,1,0,1,1,0,6
37,2,7,1,1,0,0,0,5
37,2,8,1,1,0,1,1,6
38,1,1,0,0,0,0,0,1
38,1,2,0,0,0,1,1,2
38,1,3,0,1,1,0,1,3
38,1,4,0,1,1,1,0,3
38,1,5,1,0,1,0,1,5
38,1,6,1,0,1,1,0,5
38,1,7,1,1,0,0,0,4
38,1,8,1,1,0,1,1,7
38,2,1,0,0,0,0,0,1
38,2,2,0,0,0,1,1,2
38,2,3,0,1,1,0,1,4
38,2,4,0,1,1,1,0,5
38,2,5,1,0,1,0,1,6
38,2,6,1,0,1,1,0,5
38,2,7,1,1,0,0,0,4
38,2,8,1,1,0,1,1,7
39,1,1,0,0,0,0,0,1
39,1,2,0,0,0,1,1,3
39,1,3,0,1,1,0,1,4
39,1,4,0,1,1,1,0,3
39,1,5,1,0,1,0,1,5
39,1,6,1,0,1,1,0,6
39,1,7,1,1,0,0,0,5
39,1,8,1,1,0,1,1,6
39,2,1,0,0,0,0,0,1
39,2,2,0,0,0,1,1,2
39,2,3,0,1,1,0,1,5
39,2,4,0,1,1,1,0,4
39,2,5,1,0,1,0,1,5
39,2,6,1,0,1,1,0,5
39,2,7,1,1,0,0,0,6
39,2,8,1,1,0,1,1,6
40,1,1,0,0,0,0,0,1
40,1,2,0,0,0,1,1,1
40,1,3,0,1,1,0,1,2
40,1,4,0,1,1,1,0,3
40,1,5,1,0,1,0,1,4
40,1,6,1,0,1,1,0,4
40,1,7,1,1,0,0,0,5
40,1,8,1,1,0,1,1,3
40,2,1,0,0,0,0,0,1
40,2,2,0,0,0,1,1,1
40,2,3,0,1,1,0,1,5
40,2,4,0,1,1,1,0,3
40,2,5,1,0,1,0,1,5
40,2,6,1,0,1,1,0,4
40,2,7,1,1,0,0,0,5
40,2,8,1,1,0,1,1,4
41,1,1,0,0,0,0,0,1
41,1,2,0,0,0,1,1,2
41,1,3,0,1,1,0,1,3
41,1,4,0,1,1,1,0,3
41,1,5,1,0,1,0,1,5
41,1,6,1,0,1,1,0,5
41,1,7,1,1,0,0,0,4
41,1,8,1,1,0,1,1,7
41,2,1,0,0,0,0,0,1
41,2,2,0,0,0,1,1,2
41,2,3,0,1,1,0,1,2
41,2,4,0,1,1,1,0,2
41,2,5,1,0,1,0,1,5
41,2,6,1,0,1,1,0,7
41,2,7,1,1,0,0,0,6
41,2,8,1,1,0,1,1,6
42,1,1,0,0,0,0,0,1
42,1,2,0,0,0,1,1,1
42,1,3,0,1,1,0,1,2
42,1,4,0,1,1,1,0,4
42,1,5,1,0,1,0,1,5
42,1,6,1,0,1,1,0,6
42,1,7,1,1,0,0,0,4
42,1,8,1,1,0,1,1,7
42,2,1,0,0,0,0,0,1
42,2,2,0,0,0,1,1,2
42,2,3,0,1,1,0,1,2
42,2,4,0,1,1,1,0,2
42,2,5,1,0,1,0,1,2
42,2,6,1,0,1,1,0,5
42,2,7,1,1,0,0,0,3
42,2,8,1,1,0,1,1,6
43,1,1,0,0,0,0,0,1
43,1,2,0,0,0,1,1,2
43,1,3,0,1,1,0,1,3
43,1,4,0,1,1,1,0,3
43,1,5,1,0,1,0,1,2
43,1,6,1,0,1,1,0,4
43,1,7,1,1,0,0,0,3
43,1,8,1,1,0,1,1,4
43,2,1,0,0,0,0,0,1
43,2,2,0,0,0,1,1,2
43,2,3,0,1,1,0,1,3
43,2,4,0,1,1,1,0,3
43,2,5,1,0,1,0,1,4
43,2,6,1,0,1,1,0,3
43,2,7,1,1,0,0,0,2
43,2,8,1,1,0,1,1,4
44,1,1,0,0,0,0,0,1
44,1,2,0,0,0,1,1,3
44,1,3,0,1,1,0,1,3
44,1,4,0,1,1,1,0,4
44,1,5,1,0,1,0,1,5
44,1,6,1,0,1,1,0,6
44,1,7,1,1,0,0,0,5
44,1,8,1,1,0,1,1,7
44,2,1,0,0,0,0,0,1
44,2,2,0,0,0,1,1,3
44,2,3,0,1,1,0,1,3
44,2,4,0,1,1,1,0,3
44,2,5,1,0,1,0,1,4
44,2,6,1,0,1,1,0,7
44,2,7,1,1,0,0,0,5
44,2,8,1,1,0,1,1,7
45,1,1,0,0,0,0,0,1
45,1,2,0,0,0,1,1,1
45,1,3,0,1,1,0,1,5
45,1,4,0,1,1,1,0,6
45,1,5,1,0,1,0,1,4
45,1,6,1,0,1,1,0,5
45,1,7,1,1,0,0,0,3
45,1,8,1,1,0,1,1,3
45,2,1,0,0,0,0,0,1
45,2,2,0,0,0,1,1,1
45,2,3,0,1,1,0,1,4
45,2,4,0,1,1,1,0,5
45,2,5,1,0,1,0,1,5
45,2,6,1,0,1,1,0,5
45,2,7,1,1,0,0,0,2
45,2,8,1,1,0,1,1,4
46,1,1,0,0,0,0,0,2
46,1,2,0,0,0,1,1,4
46,1,3,0,1,1,0,1,5
46,1,4,0,1,1,1,0,5
46,1,5,1,0,1,0,1,4
46,1,6,1,0,1,1,0,6
46,1,7,1,1,0,0,0,5
46,1,8,1,1,0,1,1,6
46,2,1,0,0,0,0,0,2
46,2,2,0,0,0,1,1,4
46,2,3,0,1,1,0,1,5
46,2,4,0,1,1,1,0,5
46,2,5,1,0,1,0,1,5
46,2,6,1,0,1,1,0,5
46,2,7,1,1,0,0,0,5
46,2,8,1,1,0,1,1,6
47,1,1,0,0,0,0,0,2
47,1,2,0,0,0,1,1,2
47,1,3,0,1,1,0,1,4
47,1,4,0,1,1,1,0,4
47,1,5,1,0,1,0,1,6
47,1,6,1,0,1,1,0,6
47,1,7,1,1,0,0,0,5
47,1,8,1,1,0,1,1,6
47,2,1,0,0,0,0,0,2
47,2,2,0,0,0,1,1,2
47,2,3,0,1,1,0,1,5
47,2,4,0,1,1,1,0,4
47,2,5,1,0,1,0,1,6
47,2,6,1,0,1,1,0,5
47,2,7,1,1,0,0,0,5
47,2,8,1,1,0,1,1,6
48,1,1,0,0,0,0,0,1
48,1,2,0,0,0,1,1,1
48,1,3,0,1,1,0,1,4
48,1,4,0,1,1,1,0,4
48,1,5,1,0,1,0,1,4
48,1,6,1,0,1,1,0,4
48,1,7,1,1,0,0,0,5
48,1,8,1,1,0,1,1,6
48,2,1,0,0,0,0,0,1
48,2,2,0,0,0,1,1,2
48,2,3,0,1,1,0,1,4
48,2,4,0,1,1,1,0,4
48,2,5,1,0,1,0,1,5
48,2,6,1,0,1,1,0,5
48,2,7,1,1,0,0,0,5
48,2,8,1,1,0,1,1,7
49,1,1,0,0,0,0,0,1
49,1,2,0,0,0,1,1,2
49,1,3,0,1,1,0,1,4
49,1,4,0,1,1,1,0,4
49,1,5,1,0,1,0,1,6
49,1,6,1,0,1,1,0,5
49,1,7,1,1,0,0,0,3
49,1,8,1,1,0,1,1,5
49,2,1,0,0,0,0,0,1
49,2,2,0,0,0,1,1,2
49,2,3,0,1,1,0,1,4
49,2,4,0,1,1,1,0,4
49,2,5,1,0,1,0,1,6
49,2,6,1,0,1,1,0,6
49,2,7,1,1,0,0,0,3
49,2,8,1,1,0,1,1,5
50,1,1,0,0,0,0,0,1
50,1,2,0,0,0,1,1,1
50,1,3,0,1,1,0,1,2
50,1,4,0,1,1,1,0,2
50,1,5,1,0,1,0,1,3
50,1,6,1,0,1,1,0,3
50,1,7,1,1,0,0,0,2
50,1,8,1,1,0,1,1,6
50,2,1,0,0,0,0,0,1
50,2,2,0,0,0,1,1,2
50,2,3,0,1,1,0,1,2
50,2,4,0,1,1,1,0,1
50,2,5,1,0,1,0,1,5
50,2,6,1,0,1,1,0,4
50,2,7,1,1,0,0,0,4
50,2,8,1,1,0,1,1,6
51,1,1,0,0,0,0,0,1
51,1,2,0,0,0,1,1,2
51,1,3,0,1,1,0,1,1
51,1,4,0,1,1,1,0,2
51,1,5,1,0,1,0,1,5
51,1,6,1,0,1,1,0,5
51,1,7,1,1,0,0,0,5
51,1,8,1,1,0,1,1,6
51,2,1,0,0,0,0,0,1
51,2,2,0,0,0,1,1,2
51,2,3,0,1,1,0,1,2
51,2,4,0,1,1,1,0,2
51,2,5,1,0,1,0,1,6
51,2,6,1,0,1,1,0,5
51,2,7,1,1,0,0,0,7
51,2,8,1,1,0,1,1,7
52,1,1,0,0,0,0,0,1
52,1,2,0,0,0,1,1,2
52,1,3,0,1,1,0,1,3
52,1,4,0,1,1,1,0,6
52,1,5,1,0,1,0,1,3
52,1,6,1,0,1,1,0,6
52,1,7,1,1,0,0,0,4
52,1,8,1,1,0,1,1,4
52,2,1,0,0,0,0,0,1
52,2,2,0,0,0,1,1,3
52,2,3,0,1,1,0,1,3
52,2,4,0,1,1,1,0,6
52,2,5,1,0,1,0,1,4
52,2,6,1,0,1,1,0,6
52,2,7,1,1,0,0,0,3
52,2,8,1,1,0,1,1,3
53,1,1,0,0,0,0,0,1
53,1,2,0,0,0,1,1,2
53,1,3,0,1,1,0,1,4
53,1,4,0,1,1,1,0,4
53,1,5,1,0,1,0,1,5
53,1,6,1,0,1,1,0,6
53,1,7,1,1,0,0,0,3
53,1,8,1,1,0,1,1,3
53,2,1,0,0,0,0,0,1
53,2,2,0,0,0,1,1,1
53,2,3,0,1,1,0,1,5
53,2,4,0,1,1,1,0,5
53,2,5,1,0,1,0,1,5
53,2,6,1,0,1,1,0,6
53,2,7,1,1,0,0,0,3
53,2,8,1,1,0,1,1,3
54,1,1,0,0,0,0,0,1
54,1,2,0,0,0,1,1,3
54,1,3,0,1,1,0,1,4
54,1,4,0,1,1,1,0,4
54,1,5,1,0,1,0,1,5
54,1,6,1,0,1,1,0,5
54,1,7,1,1,0,0,0,3
54,1,8,1,1,0,1,1,6
54,2,1,0,0,0,0,0,1
54,2,2,0,0,0,1,1,5
54,2,3,0,1,1,0,1,4
54,2,4,0,1,1,1,0,6
54,2,5,1,0,1,0,1,4
54,2,6,1,0,1,1,0,6
54,2,7,1,1,0,0,0,3
54,2,8,1,1,0,1,1,6
55,1,1,0,0,0,0,0,1
55,1,2,0,0,0,1,1,2
55,1,3,0,1,1,0,1,3
55,1,4,0,1,1,1,0,3
55,1,5,1,0,1,0,1,4
55,1,6,1,0,1,1,0,6
55,1,7,1,1,0,0,0,4
55,1,8,1,1,0,1,1,7
55,2,1,0,0,0,0,0,1
55,2,2,0,0,0,1,1,2
55,2,3,0,1,1,0,1,2
55,2,4,0,1,1,1,0,3
55,2,5,1,0,1,0,1,3
55,2,6,1,0,1,1,0,5
55,2,7,1,1,0,0,0,3
55,2,8,1,1,0,1,1,6
56,1,1,0,0,0,0,0,1
56,1,2,0,0,0,1,1,2
56,1,3,0,1,1,0,1,4
56,1,4,0,1,1,1,0,5
56,1,5,1,0,1,0,1,5
56,1,6,1,0,1,1,0,5
56,1,7,1,1,0,0,0,4
56,1,8,1,1,0,1,1,6
56,2,1,0,0,0,0,0,1
56,2,2,0,0,0,1,1,3
56,2,3,0,1,1,0,1,5
56,2,4,0,1,1,1,0,6
56,2,5,1,0,1,0,1,5
56,2,6,1,0,1,1,0,5
56,2,7,1,1,0,0,0,6
56,2,8,1,1,0,1,1,6
57,1,1,0,0,0,0,0,1
57,1,2,0,0,0,1,1,3
57,1,3,0,1,1,0,1,5
57,1,4,0,1,1,1,0,5
57,1,5,1,0,1,0,1,5
57,1,6,1,0,1,1,0,5
57,1,7,1,1,0,0,0,5
57,1,8,1,1,0,1,1,6
57,2,1,0,0,0,0,0,1
57,2,2,0,0,0,1,1,3
57,2,3,0,1,1,0,1,5
57,2,4,0,1,1,1,0,5
57,2,5,1,0,1,0,1,5
57,2,6,1,0,1,1,0,5
57,2,7,1,1,0,0,0,3
57,2,8,1,1,0,1,1,6
58,1,1,0,0,0,0,0,1
58,1,2,0,0,0,1,1,1
58,1,3,0,1,1,0,1,4
58,1,4,0,1,1,1,0,5
58,1,5,1,0,1,0,1,5
58,1,6,1,0,1,1,0,5
58,1,7,1,1,0,0,0,3
58,1,8,1,1,0,1,1,4
58,2,1,0,0,0,0,0,1
58,2,2,0,0,0,1,1,3
58,2,3,0,1,1,0,1,5
58,2,4,0,1,1,1,0,5
58,2,5,1,0,1,0,1,5
58,2,6,1,0,1,1,0,5
58,2,7,1,1,0,0,0,2
58,2,8,1,1,0,1,1,5
59,1,1,0,0,0,0,0,1
59,1,2,0,0,0,1,1,2
59,1,3,0,1,1,0,1,3
59,1,4,0,1,1,1,0,4
59,1,5,1,0,1,0,1,5
59,1,6,1,0,1,1,0,6
59,1,7,1,1,0,0,0,5
59,1,8,1,1,0,1,1,6
59,2,1,0,0,0,0,0,1
59,2,2,0,0,0,1,1,2
59,2,3,0,1,1,0,1,2
59,2,4,0,1,1,1,0,3
59,2,5,1,0,1,0,1,2
59,2,6,1,0,1,1,0,5
59,2,7,1,1,0,0,0,4
59,2,8,1,1,0,1,1,6
60,1,1,0,0,0,0,0,1
60,1,2,0,0,0,1,1,3
60,1,3,0,1,1,0,1,4
60,1,4,0,1,1,1,0,2
60,1,5,1,0,1,0,1,5
60,1,6,1,0,1,1,0,4
60,1,7,1,1,0,0,0,2
60,1,8,1,1,0,1,1,6
60,2,1,0,0,0,0,0,1
60,2,2,0,0,0,1,1,2
60,2,3,0,1,1,0,1,5
60,2,4,0,1,1,1,0,4
60,2,5,1,0,1,0,1,5
60,2,6,1,0,1,1,0,4
60,2,7,1,1,0,0,0,3
60,2,8,1,1,0,1,1,6
61,1,1,0,0,0,0,0,1
61,1,2,0,0,0,1,1,4
61,1,3,0,1,1,0,1,2
61,1,4,0,1,1,1,0,4
61,1,5,1,0,1,0,1,5
61,1,6,1,0,1,1,0,5
61,1,7,1,1,0,0,0,2
61,1,8,1,1,0,1,1,3
61,2,1,0,0,0,0,0,1
61,2,2,0,0,0,1,1,4
61,2,3,0,1,1,0,1,3
61,2,4,0,1,1,1,0,4
61,2,5,1,0,1,0,1,5
61,2,6,1,0,1,1,0,5
61,2,7,1,1,0,0,0,3
61,2,8,1,1,0,1,1,3
62,1,1,0,0,0,0,0,1
62,1,2,0,0,0,1,1,3
62,1,3,0,1,1,0,1,3
62,1,4,0,1,1,1,0,4
62,1,5,1,0,1,0,1,3
62,1,6,1,0,1,1,0,3
62,1,7,1,1,0,0,0,3
62,1,8,1,1,0,1,1,3
62,2,1,0,0,0,0,0,1
62,2,2,0,0,0,1,1,2
62,2,3,0,1,1,0,1,1
62,2,4,0,1,1,1,0,3
62,2,5,1,0,1,0,1,3
62,2,6,1,0,1,1,0,5
62,2,7,1,1,0,0,0,3
62,2,8,1,1,0,1,1,2
63,1,1,0,0,0,0,0,1
63,1,2,0,0,0,1,1,3
63,1,3,0,1,1,0,1,4
63,1,4,0,1,1,1,0,4
63,1,5,1,0,1,0,1,5
63,1,6,1,0,1,1,0,6
63,1,7,1,1,0,0,0,4
63,1,8,1,1,0,1,1,5
63,2,1,0,0,0,0,0,1
63,2,2,0,0,0,1,1,3
63,2,3,0,1,1,0,1,4
63,2,4,0,1,1,1,0,4
63,2,5,1,0,1,0,1,5
63,2,6,1,0,1,1,0,5
63,2,7,1,1,0,0,0,4
63,2,8,1,1,0,1,1,5
64,1,1,0,0,0,0,0,1
64,1,2,0,0,0,1,1,2
64,1,3,0,1,1,0,1,5
64,1,4,0,1,1,1,0,6
64,1,5,1,0,1,0,1,5
64,1,6,1,0,1,1,0,6
64,1,7,1,1,0,0,0,4
64,1,8,1,1,0,1,1,5
64,2,1,0,0,0,0,0,1
64,2,2,0,0,0,1,1,2
64,2,3,0,1,1,0,1,5
64,2,4,0,1,1,1,0,6
64,2,5,1,0,1,0,1,5
64,2,6,1,0,1,1,0,6
64,2,7,1,1,0,0,0,4
64,2,8,1,1,0,1,1,6
65,1,1,0,0,0,0,0,1
65,1,2,0,0,0,1,1,1
65,1,3,0,1,1,0,1,1
65,1,4,0,1,1,1,0,1
65,1,5,1,0,1,0,1,7
65,1,6,1,0,1,1,0,7
65,1,7,1,1,0,0,0,3
65,1,8,1,1,0,1,1,5
65,2,1,0,0,0,0,0,1
65,2,2,0,0,0,1,1,1
65,2,3,0,1,1,0,1,1
65,2,4,0,1,1,1,0,1
65,2,5,1,0,1,0,1,7
65,2,6,1,0,1,1,0,7
65,2,7,1,1,0,0,0,6
65,2,8,1,1,0,1,1,5
66,1,1,0,0,0,0,0,2
66,1,2,0,0,0,1,1,3
66,1,3,0,1,1,0,1,5
66,1,4,0,1,1,1,0,5
66,1,5,1,0,1,0,1,5
66,1,6,1,0,1,1,0,5
66,1,7,1,1,0,0,0,6
66,1,8,1,1,0,1,1,5
66,2,1,0,0,0,0,0,1
66,2,2,0,0,0,1,1,2
66,2,3,0,1,1,0,1,4
66,2,4,0,1,1,1,0,5
66,2,5,1,0,1,0,1,6
66,2,6,1,0,1,1,0,5
66,2,7,1,1,0,0,0,4
66,2,8,1,1,0,1,1,5
67,1,1,0,0,0,0,0,1
67,1,2,0,0,0,1,1,1
67,1,3,0,1,1,0,1,4
67,1,4,0,1,1,1,0,4
67,1,5,1,0,1,0,1,5
67,1,6,1,0,1,1,0,5
67,1,7,1,1,0,0,0,6
67,1,8,1,1,0,1,1,5
67,2,1,0,0,0,0,0,1
67,2,2,0,0,0,1,1,2
67,2,3,0,1,1,0,1,4
67,2,4,0,1,1,1,0,4
67,2,5,1,0,1,0,1,5
67,2,6,1,0,1,1,0,5
67,2,7,1,1,0,0,0,5
67,2,8,1,1,0,1,1,5
68,1,1,0,0,0,0,0,1
68,1,2,0,0,0,1,1,2
68,1,3,0,1,1,0,1,3
68,1,4,0,1,1,1,0,3
68,1,5,1,0,1,0,1,5
68,1,6,1,0,1,1,0,5
68,1,7,1,1,0,0,0,4
68,1,8,1,1,0,1,1,5
68,2,1,0,0,0,0,0,1
68,2,2,0,0,0,1,1,3
68,2,3,0,1,1,0,1,4
68,2,4,0,1,1,1,0,4
68,2,5,1,0,1,0,1,5
68,2,6,1,0,1,1,0,5
68,2,7,1,1,0,0,0,2
68,2,8,1,1,0,1,1,5
69,1,1,0,0,0,0,0,1
69,1,2,0,0,0,1,1,5
69,1,3,0,1,1,0,1,5
69,1,4,0,1,1,1,0,5
69,1,5,1,0,1,0,1,5
69,1,6,1,0,1,1,0,5
69,1,7,1,1,0,0,0,5
69,1,8,1,1,0,1,1,6
69,2,1,0,0,0,0,0,1
69,2,2,0,0,0,1,1,5
69,2,3,0,1,1,0,1,4
69,2,4,0,1,1,1,0,5
69,2,5,1,0,1,0,1,5
69,2,6,1,0,1,1,0,6
69,2,7,1,1,0,0,0,4
69,2,8,1,1,0,1,1,6
70,1,1,0,0,0,0,0,1
70,1,2,0,0,0,1,1,2
70,1,3,0,1,1,0,1,4
70,1,4,0,1,1,1,0,5
70,1,5,1,0,1,0,1,6
70,1,6,1,0,1,1,0,6
70,1,7,1,1,0,0,0,6
70,1,8,1,1,0,1,1,7
70,2,1,0,0,0,0,0,1
70,2,2,0,0,0,1,1,2
70,2,3,0,1,1,0,1,3
70,2,4,0,1,1,1,0,5
70,2,5,1,0,1,0,1,6
70,2,6,1,0,1,1,0,6
70,2,7,1,1,0,0,0,6
70,2,8,1,1,0,1,1,7
71,1,1,0,0,0,0,0,1
71,1,2,0,0,0,1,1,4
71,1,3,0,1,1,0,1,5
71,1,4,0,1,1,1,0,4
71,1,5,1,0,1,0,1,4
71,1,6,1,0,1,1,0,4
71,1,7,1,1,0,0,0,3
71,1,8,1,1,0,1,1,6
71,2,1,0,0,0,0,0,1
71,2,2,0,0,0,1,1,4
71,2,3,0,1,1,0,1,4
71,2,4,0,1,1,1,0,4
71,2,5,1,0,1,0,1,4
71,2,6,1,0,1,1,0,4
71,2,7,1,1,0,0,0,3
71,2,8,1,1,0,1,1,5
72,1,1,0,0,0,0,0,1
72,1,2,0,0,0,1,1,2
72,1,3,0,1,1,0,1,2
72,1,4,0,1,1,1,0,3
72,1,5,1,0,1,0,1,5
72,1,6,1,0,1,1,0,6
72,1,7,1,1,0,0,0,4
72,1,8,1,1,0,1,1,5
72,2,1,0,0,0,0,0,1
72,2,2,0,0,0,1,1,2
72,2,3,0,1,1,0,1,4
72,2,4,0,1,1,1,0,4
72,2,5,1,0,1,0,1,6
72,2,6,1,0,1,1,0,6
72,2,7,1,1,0,0,0,5
72,2,8,1,1,0,1,1,5
73,1,1,0,0,0,0,0,2
73,1,2,0,0,0,1,1,3
73,1,3,0,1,1,0,1,5
73,1,4,0,1,1,1,0,4
73,1,5,1,0,1,0,1,4
73,1,6,1,0,1,1,0,5
73,1,7,1,1,0,0,0,4
73,1,8,1,1,0,1,1,6
73,2,1,0,0,0,0,0,1
73,2,2,0,0,0,1,1,2
73,2,3,0,1,1,0,1,4
73,2,4,0,1,1,1,0,5
73,2,5,1,0,1,0,1,4
73,2,6,1,0,1,1,0,5
73,2,7,1,1,0,0,0,5
73,2,8,1,1,0,1,1,6
74,1,1,0,0,0,0,0,1
74,1,2,0,0,0,1,1,2
74,1,3,0,1,1,0,1,3
74,1,4,0,1,1,1,0,5
74,1,5,1,0,1,0,1,6
74,1,6,1,0,1,1,0,6
74,1,7,1,1,0,0,0,5
74,1,8,1,1,0,1,1,5
74,2,1,0,0,0,0,0,1
74,2,2,0,0,0,1,1,2
74,2,3,0,1,1,0,1,4
74,2,4,0,1,1,1,0,5
74,2,5,1,0,1,0,1,5
74,2,6,1,0,1,1,0,6
74,2,7,1,1,0,0,0,5
74,2,8,1,1,0,1,1,6
75,1,1,0,0,0,0,0,1
75,1,2,0,0,0,1,1,2
75,1,3,0,1,1,0,1,4
75,1,4,0,1,1,1,0,4
75,1,5,1,0,1,0,1,5
75,1,6,1,0,1,1,0,6
75,1,7,1,1,0,0,0,5
75,1,8,1,1,0,1,1,6
75,2,1,0,0,0,0,0,1
75,2,2,0,0,0,1,1,3
75,2,3,0,1,1,0,1,3
75,2,4,0,1,1,1,0,5
75,2,5,1,0,1,0,1,5
75,2,6,1,0,1,1,0,6
75,2,7,1,1,0,0,0,7
75,2,8,1,1,0,1,1,7
